{
  "version": 2,
  "builds": [
    {
      "src": "package.json",
      "use": "@vercel/next",
      "config": {
        "includeFiles": [
          "next.config.js"
        ]
      }
    }
  ],
  "headers": [
    {
      "source": "/(.*)",
      "headers": [
        {
          "key": "Content-Security-Policy",
          "value": "default-src 'self'; script-src 'self' 'unsafe-inline' 'unsafe-eval' https://cdnjs.cloudflare.com https://unpkg.com https://vercel.live; style-src 'self' 'unsafe-inline' https://fonts.googleapis.com; font-src 'self' https://fonts.gstatic.com; img-src 'self' data: blob: https://*.supabase.co; connect-src 'self' data: https://unpkg.com https://tessdata.projectnaptha.com https://*.supabase.co https://cdnjs.cloudflare.com https://api.mistral.ai https://api.anthropic.com https://api.groq.com https://api.deepseek.com https://api.cohere.ai https://generativelanguage.googleapis.com https://api.openai.com https://openrouter.ai https://api.cerebras.ai https://api.x.ai https://vercel.live; worker-src 'self' blob:; frame-src 'self';"
        },
        {
          "key": "X-Frame-Options",
          "value": "DENY"
        },
        {
          "key": "X-Content-Type-Options",
          "value": "nosniff"
        },
        {
          "key": "Referrer-Policy",
          "value": "strict-origin-when-cross-origin"
        }
      ]
    }
  ]
}